账号名,播放,点赞,url,日期,备注
venommovie,21100000,1600000,https://www.tiktok.com/@venommovie/video/7429128172614094126,2024-10-24,
venommovie,765200,9754,https://www.tiktok.com/@venommovie/video/7429075028739820846,2024-10-24,
venommovie,1200000,33300,https://www.tiktok.com/@venommovie/video/7429032039615139115,2024-10-24,
venommovie,1700000,138600,https://www.tiktok.com/@venommovie/video/7429012763839696170,2024-10-24,
venommovie,1300000,27400,https://www.tiktok.com/@venommovie/video/7428724752631483691,2024-10-23,
venommovie,2000000,86100,https://www.tiktok.com/@venommovie/video/7428702124013341998,2024-10-23,
venommovie,1300000,26300,https://www.tiktok.com/@venommovie/video/7428456914410900778,2024-10-22,
venommovie,923900,19300,https://www.tiktok.com/@venommovie/video/7428420242877238574,2024-10-22,
venommovie,766400,34100,https://www.tiktok.com/@venommovie/video/7428412133731257643,2024-10-22,
venommovie,283600,3046,https://www.tiktok.com/@venommovie/video/7428399668419120426,2024-10-22,
venommovie,4000000,138700,https://www.tiktok.com/@venommovie/video/7428397269826669866,2024-10-22,
venommovie,643400,13200,https://www.tiktok.com/@venommovie/video/7428392789433388331,2024-10-22,
venommovie,10300000,367200,https://www.tiktok.com/@venommovie/video/7428321717988412718,2024-10-22,
venommovie,2000000,106900,https://www.tiktok.com/@venommovie/video/7428282516575980842,2024-10-22,
venommovie,7800000,220000,https://www.tiktok.com/@venommovie/video/7428264965997366571,2024-10-22,
venommovie,3400000,84100,https://www.tiktok.com/@venommovie/video/7428048652591009067,2024-10-21,
venommovie,1200000,40700,https://www.tiktok.com/@venommovie/video/7427987348710788395,2024-10-21,
venommovie,5900000,242900,https://www.tiktok.com/@venommovie/video/7427961680497331498,2024-10-21,
venommovie,2200000,80600,https://www.tiktok.com/@venommovie/video/7427948812775279915,2024-10-21,
venommovie,4700000,390800,https://www.tiktok.com/@venommovie/video/7427877752998513962,2024-10-20,
venommovie,9600000,355200,https://www.tiktok.com/@venommovie/video/7427597844665601323,2024-10-20,
venommovie,134200,2854,https://www.tiktok.com/@venommovie/video/7427571614079782187,2024-10-20,
venommovie,3200000,74100,https://www.tiktok.com/@venommovie/video/7427355414250966315,2024-10-19,
venommovie,535100,36500,https://www.tiktok.com/@venommovie/video/7427352929247431978,2024-10-19,
venommovie,121900,2316,https://www.tiktok.com/@venommovie/video/7427351542874852650,2024-10-19,
venommovie,135600,2326,https://www.tiktok.com/@venommovie/video/7427350695751503150,2024-10-19,
venommovie,124800,2670,https://www.tiktok.com/@venommovie/video/7427349519735557419,2024-10-19,
venommovie,173700,3247,https://www.tiktok.com/@venommovie/video/7427149300540493098,2024-10-19,
venommovie,12300000,849600,https://www.tiktok.com/@venommovie/video/7426845448993819946,2024-10-18,
